,position,num_of_variants,histogram,enhancing_score,neutral_score,rheostat_score,weighted_rheostat_score,toggle_score,binary,average,st_dev,assignment,flag
0,1,16,"HistogramData(counts=array([0, 0, 0, 0, 1, 4, 8, 2, 0]), bin_edges=array([-0.27993644,  0.34741644,  0.46483288,  0.58224932,  0.69966576,
        0.81708221,  0.93449865,  1.05191509,  1.16933153,  1.28674797]), weights=array([1, 2, 3, 3, 3, 2, 1, 2, 3]))",0.0,0.9333333333333333,0.4444444444444444,0.4,0.0,False,0.9571664652,0.0908876431431575,neutral,False
1,2,16,"HistogramData(counts=array([ 0,  0,  0,  0,  0,  0, 13,  2,  0]), bin_edges=array([-0.27993644,  0.34741644,  0.46483288,  0.58224932,  0.69966576,
        0.81708221,  0.93449865,  1.05191509,  1.16933153,  1.28674797]), weights=array([1, 2, 3, 3, 3, 2, 1, 2, 3]))",0.0,1.0,0.2222222222222222,0.15,0.0,True,1.0085321213333336,0.03770564577281476,neutral,False
2,3,16,"HistogramData(counts=array([ 0,  0,  0,  0,  1,  2, 10,  2,  0]), bin_edges=array([-0.27993644,  0.34741644,  0.46483288,  0.58224932,  0.69966576,
        0.81708221,  0.93449865,  1.05191509,  1.16933153,  1.28674797]), weights=array([1, 2, 3, 3, 3, 2, 1, 2, 3]))",0.0,1.0,0.4444444444444444,0.4,0.0,False,0.9590624057999998,0.06645363692247855,neutral,False
3,19,16,"HistogramData(counts=array([0, 0, 0, 1, 0, 2, 9, 3, 0]), bin_edges=array([-0.27993644,  0.34741644,  0.46483288,  0.58224932,  0.69966576,
        0.81708221,  0.93449865,  1.05191509,  1.16933153,  1.28674797]), weights=array([1, 2, 3, 3, 3, 2, 1, 2, 3]))",0.0,0.9333333333333333,0.4444444444444444,0.4,0.0,False,0.9686032869333333,0.09666884961828155,neutral,False
4,20,16,"HistogramData(counts=array([ 0,  0,  0,  0,  0,  2, 10,  3,  0]), bin_edges=array([-0.27993644,  0.34741644,  0.46483288,  0.58224932,  0.69966576,
        0.81708221,  0.93449865,  1.05191509,  1.16933153,  1.28674797]), weights=array([1, 2, 3, 3, 3, 2, 1, 2, 3]))",0.0,1.0,0.3333333333333333,0.25,0.0,False,1.0124645764666667,0.04885323436435921,neutral,False
5,35,16,"HistogramData(counts=array([3, 5, 4, 0, 0, 0, 2, 1, 0]), bin_edges=array([-0.27993644,  0.34741644,  0.46483288,  0.58224932,  0.69966576,
        0.81708221,  0.93449865,  1.05191509,  1.16933153,  1.28674797]), weights=array([1, 2, 3, 3, 3, 2, 1, 2, 3]))",0.0,0.2,0.5555555555555556,0.45,0.2,False,0.5228903857333334,0.2748963786496186,adverse,False
6,36,16,"HistogramData(counts=array([ 0,  0,  0,  0,  0,  1, 14,  0,  0]), bin_edges=array([-0.27993644,  0.34741644,  0.46483288,  0.58224932,  0.69966576,
        0.81708221,  0.93449865,  1.05191509,  1.16933153,  1.28674797]), weights=array([1, 2, 3, 3, 3, 2, 1, 2, 3]))",0.0,1.0,0.2222222222222222,0.15,0.0,True,0.9748708713333334,0.04182853472710071,neutral,False
7,37,16,"HistogramData(counts=array([ 0,  0,  0,  0,  0,  2, 13,  0,  0]), bin_edges=array([-0.27993644,  0.34741644,  0.46483288,  0.58224932,  0.69966576,
        0.81708221,  0.93449865,  1.05191509,  1.16933153,  1.28674797]), weights=array([1, 2, 3, 3, 3, 2, 1, 2, 3]))",0.0,1.0,0.2222222222222222,0.15,0.0,True,0.9664943106,0.03129071736936987,neutral,False
8,38,16,"HistogramData(counts=array([1, 1, 1, 0, 1, 4, 7, 0, 0]), bin_edges=array([-0.27993644,  0.34741644,  0.46483288,  0.58224932,  0.69966576,
        0.81708221,  0.93449865,  1.05191509,  1.16933153,  1.28674797]), weights=array([1, 2, 3, 3, 3, 2, 1, 2, 3]))",0.0,0.8,0.6666666666666666,0.6,0.06666666666666667,False,0.8283487287333334,0.21560618581702554,neutral,False
9,39,16,"HistogramData(counts=array([ 0,  0,  0,  0,  0,  4, 10,  1,  0]), bin_edges=array([-0.27993644,  0.34741644,  0.46483288,  0.58224932,  0.69966576,
        0.81708221,  0.93449865,  1.05191509,  1.16933153,  1.28674797]), weights=array([1, 2, 3, 3, 3, 2, 1, 2, 3]))",0.0,1.0,0.3333333333333333,0.25,0.0,False,0.9783704635999999,0.06132071758343346,neutral,False
10,41,16,"HistogramData(counts=array([0, 2, 0, 0, 1, 3, 7, 2, 0]), bin_edges=array([-0.27993644,  0.34741644,  0.46483288,  0.58224932,  0.69966576,
        0.81708221,  0.93449865,  1.05191509,  1.16933153,  1.28674797]), weights=array([1, 2, 3, 3, 3, 2, 1, 2, 3]))",0.0,0.8666666666666667,0.5555555555555556,0.5,0.0,False,0.8967600435333333,0.19475255960755722,neutral,False
11,46,16,"HistogramData(counts=array([7, 4, 0, 1, 0, 2, 1, 0, 0]), bin_edges=array([-0.27993644,  0.34741644,  0.46483288,  0.58224932,  0.69966576,
        0.81708221,  0.93449865,  1.05191509,  1.16933153,  1.28674797]), weights=array([1, 2, 3, 3, 3, 2, 1, 2, 3]))",0.0,0.2,0.5555555555555556,0.45,0.4666666666666667,False,0.448261803,0.2629844229520126,adverse,False
12,49,16,"HistogramData(counts=array([ 0,  0,  0,  0,  0,  0, 14,  1,  0]), bin_edges=array([-0.27993644,  0.34741644,  0.46483288,  0.58224932,  0.69966576,
        0.81708221,  0.93449865,  1.05191509,  1.16933153,  1.28674797]), weights=array([1, 2, 3, 3, 3, 2, 1, 2, 3]))",0.0,1.0,0.2222222222222222,0.15,0.0,True,0.9932298091333334,0.042099718503281904,neutral,False
13,50,16,"HistogramData(counts=array([4, 2, 0, 4, 0, 3, 2, 0, 0]), bin_edges=array([-0.27993644,  0.34741644,  0.46483288,  0.58224932,  0.69966576,
        0.81708221,  0.93449865,  1.05191509,  1.16933153,  1.28674797]), weights=array([1, 2, 3, 3, 3, 2, 1, 2, 3]))",0.0,0.3333333333333333,0.5555555555555556,0.45,0.26666666666666666,False,0.5996963382666667,0.2729889317831187,adverse,True
14,51,16,"HistogramData(counts=array([ 0,  0,  0,  0,  0,  3, 12,  0,  0]), bin_edges=array([-0.27993644,  0.34741644,  0.46483288,  0.58224932,  0.69966576,
        0.81708221,  0.93449865,  1.05191509,  1.16933153,  1.28674797]), weights=array([1, 2, 3, 3, 3, 2, 1, 2, 3]))",0.0,1.0,0.2222222222222222,0.15,0.0,True,0.9787124946666667,0.03990190782023471,neutral,False
15,52,16,"HistogramData(counts=array([1, 0, 0, 0, 2, 2, 7, 3, 0]), bin_edges=array([-0.27993644,  0.34741644,  0.46483288,  0.58224932,  0.69966576,
        0.81708221,  0.93449865,  1.05191509,  1.16933153,  1.28674797]), weights=array([1, 2, 3, 3, 3, 2, 1, 2, 3]))",0.0,0.8666666666666667,0.5555555555555556,0.45,0.06666666666666667,False,0.9245475861333332,0.18686845302469574,neutral,False
16,53,16,"HistogramData(counts=array([ 1,  0,  0,  0,  0,  0, 12,  2,  0]), bin_edges=array([-0.27993644,  0.34741644,  0.46483288,  0.58224932,  0.69966576,
        0.81708221,  0.93449865,  1.05191509,  1.16933153,  1.28674797]), weights=array([1, 2, 3, 3, 3, 2, 1, 2, 3]))",0.0,0.9333333333333333,0.3333333333333333,0.2,0.06666666666666667,False,0.9636041252666667,0.18940590260176782,neutral,False
17,54,16,"HistogramData(counts=array([0, 1, 0, 0, 3, 3, 6, 2, 0]), bin_edges=array([-0.27993644,  0.34741644,  0.46483288,  0.58224932,  0.69966576,
        0.81708221,  0.93449865,  1.05191509,  1.16933153,  1.28674797]), weights=array([1, 2, 3, 3, 3, 2, 1, 2, 3]))",0.0,0.8666666666666667,0.5555555555555556,0.5,0.0,False,0.8993706062,0.1728721958483973,neutral,False
18,55,16,"HistogramData(counts=array([8, 1, 0, 1, 0, 3, 2, 0, 0]), bin_edges=array([-0.27993644,  0.34741644,  0.46483288,  0.58224932,  0.69966576,
        0.81708221,  0.93449865,  1.05191509,  1.16933153,  1.28674797]), weights=array([1, 2, 3, 3, 3, 2, 1, 2, 3]))",0.0,0.3333333333333333,0.5555555555555556,0.45,0.5333333333333333,False,0.5014549654666667,0.32268190774123895,adverse,False
19,71,16,"HistogramData(counts=array([0, 0, 1, 0, 1, 8, 4, 1, 0]), bin_edges=array([-0.27993644,  0.34741644,  0.46483288,  0.58224932,  0.69966576,
        0.81708221,  0.93449865,  1.05191509,  1.16933153,  1.28674797]), weights=array([1, 2, 3, 3, 3, 2, 1, 2, 3]))",0.0,0.9333333333333333,0.5555555555555556,0.55,0.0,False,0.8945173059999999,0.12290770132784978,neutral,False
20,72,16,"HistogramData(counts=array([13,  1,  0,  0,  0,  0,  1,  0,  0]), bin_edges=array([-0.27993644,  0.34741644,  0.46483288,  0.58224932,  0.69966576,
        0.81708221,  0.93449865,  1.05191509,  1.16933153,  1.28674797]), weights=array([1, 2, 3, 3, 3, 2, 1, 2, 3]))",0.0,0.06666666666666667,0.3333333333333333,0.2,0.8666666666666667,False,0.2455031033333333,0.23118312297609803,toggle,False
21,76,16,"HistogramData(counts=array([6, 1, 1, 1, 2, 1, 3, 0, 0]), bin_edges=array([-0.27993644,  0.34741644,  0.46483288,  0.58224932,  0.69966576,
        0.81708221,  0.93449865,  1.05191509,  1.16933153,  1.28674797]), weights=array([1, 2, 3, 3, 3, 2, 1, 2, 3]))",0.0,0.26666666666666666,0.7777777777777778,0.75,0.4,False,0.5512010274666667,0.31080218284889977,rheostat,False
22,79,16,"HistogramData(counts=array([13,  1,  0,  1,  0,  0,  0,  0,  0]), bin_edges=array([-0.27993644,  0.34741644,  0.46483288,  0.58224932,  0.69966576,
        0.81708221,  0.93449865,  1.05191509,  1.16933153,  1.28674797]), weights=array([1, 2, 3, 3, 3, 2, 1, 2, 3]))",0.0,0.0,0.4444444444444444,0.35,0.8666666666666667,False,0.23230454279999999,0.12494702095325375,toggle,False
23,82,16,"HistogramData(counts=array([3, 2, 3, 1, 2, 1, 2, 1, 0]), bin_edges=array([-0.27993644,  0.34741644,  0.46483288,  0.58224932,  0.69966576,
        0.81708221,  0.93449865,  1.05191509,  1.16933153,  1.28674797]), weights=array([1, 2, 3, 3, 3, 2, 1, 2, 3]))",0.0,0.3333333333333333,0.8888888888888888,0.85,0.2,False,0.6189572566666668,0.2720984523483606,rheostat,False
24,89,16,"HistogramData(counts=array([0, 0, 0, 0, 1, 2, 9, 3, 0]), bin_edges=array([-0.27993644,  0.34741644,  0.46483288,  0.58224932,  0.69966576,
        0.81708221,  0.93449865,  1.05191509,  1.16933153,  1.28674797]), weights=array([1, 2, 3, 3, 3, 2, 1, 2, 3]))",0.0,0.9333333333333333,0.4444444444444444,0.4,0.0,False,0.9716938528,0.09649877316600905,neutral,False
25,90,16,"HistogramData(counts=array([13,  0,  0,  0,  0,  1,  1,  0,  0]), bin_edges=array([-0.27993644,  0.34741644,  0.46483288,  0.58224932,  0.69966576,
        0.81708221,  0.93449865,  1.05191509,  1.16933153,  1.28674797]), weights=array([1, 2, 3, 3, 3, 2, 1, 2, 3]))",0.0,0.13333333333333333,0.3333333333333333,0.2,0.8666666666666667,False,0.2931358908,0.25818613540359997,toggle,False
26,95,16,"HistogramData(counts=array([14,  0,  0,  0,  1,  0,  0,  0,  0]), bin_edges=array([-0.27993644,  0.34741644,  0.46483288,  0.58224932,  0.69966576,
        0.81708221,  0.93449865,  1.05191509,  1.16933153,  1.28674797]), weights=array([1, 2, 3, 3, 3, 2, 1, 2, 3]))",0.0,0.0,0.3333333333333333,0.25,0.9333333333333333,False,0.1944192735333333,0.166237457714255,toggle,False
27,104,16,"HistogramData(counts=array([13,  0,  1,  1,  0,  0,  0,  0,  0]), bin_edges=array([-0.27993644,  0.34741644,  0.46483288,  0.58224932,  0.69966576,
        0.81708221,  0.93449865,  1.05191509,  1.16933153,  1.28674797]), weights=array([1, 2, 3, 3, 3, 2, 1, 2, 3]))",0.0,0.0,0.4444444444444444,0.4,0.8666666666666667,False,0.219060746,0.16581703790195174,toggle,False
28,109,16,"HistogramData(counts=array([15,  0,  0,  0,  0,  0,  0,  0,  0]), bin_edges=array([-0.27993644,  0.34741644,  0.46483288,  0.58224932,  0.69966576,
        0.81708221,  0.93449865,  1.05191509,  1.16933153,  1.28674797]), weights=array([1, 2, 3, 3, 3, 2, 1, 2, 3]))",0.0,0.0,0.2222222222222222,0.1,1.0,True,0.13799436659999997,0.043680152381842516,toggle,False
29,111,16,"HistogramData(counts=array([15,  0,  0,  0,  0,  0,  0,  0,  0]), bin_edges=array([-0.27993644,  0.34741644,  0.46483288,  0.58224932,  0.69966576,
        0.81708221,  0.93449865,  1.05191509,  1.16933153,  1.28674797]), weights=array([1, 2, 3, 3, 3, 2, 1, 2, 3]))",0.0,0.0,0.2222222222222222,0.1,1.0,True,0.14838563253333337,0.07188380463550828,toggle,False
30,121,16,"HistogramData(counts=array([13,  1,  1,  0,  0,  0,  0,  0,  0]), bin_edges=array([-0.27993644,  0.34741644,  0.46483288,  0.58224932,  0.69966576,
        0.81708221,  0.93449865,  1.05191509,  1.16933153,  1.28674797]), weights=array([1, 2, 3, 3, 3, 2, 1, 2, 3]))",0.0,0.0,0.4444444444444444,0.35,0.8666666666666667,False,0.22698319740000003,0.11032028631585014,toggle,False
31,126,16,"HistogramData(counts=array([0, 0, 0, 0, 2, 5, 8, 0, 0]), bin_edges=array([-0.27993644,  0.34741644,  0.46483288,  0.58224932,  0.69966576,
        0.81708221,  0.93449865,  1.05191509,  1.16933153,  1.28674797]), weights=array([1, 2, 3, 3, 3, 2, 1, 2, 3]))",0.0,0.9333333333333333,0.3333333333333333,0.3,0.0,False,0.9142840915333335,0.08431303037111636,neutral,False
32,129,16,"HistogramData(counts=array([8, 1, 0, 1, 1, 2, 2, 0, 0]), bin_edges=array([-0.27993644,  0.34741644,  0.46483288,  0.58224932,  0.69966576,
        0.81708221,  0.93449865,  1.05191509,  1.16933153,  1.28674797]), weights=array([1, 2, 3, 3, 3, 2, 1, 2, 3]))",0.0,0.3333333333333333,0.6666666666666666,0.6,0.5333333333333333,False,0.44377363806666664,0.36537881927111127,rheostat,False
33,133,16,"HistogramData(counts=array([2, 0, 0, 0, 2, 3, 7, 1, 0]), bin_edges=array([-0.27993644,  0.34741644,  0.46483288,  0.58224932,  0.69966576,
        0.81708221,  0.93449865,  1.05191509,  1.16933153,  1.28674797]), weights=array([1, 2, 3, 3, 3, 2, 1, 2, 3]))",0.0,0.7333333333333333,0.5555555555555556,0.45,0.13333333333333333,False,0.8288850133333334,0.2641031889294556,neutral,False
34,138,16,"HistogramData(counts=array([ 0,  0,  0,  0,  0,  4, 11,  0,  0]), bin_edges=array([-0.27993644,  0.34741644,  0.46483288,  0.58224932,  0.69966576,
        0.81708221,  0.93449865,  1.05191509,  1.16933153,  1.28674797]), weights=array([1, 2, 3, 3, 3, 2, 1, 2, 3]))",0.0,1.0,0.2222222222222222,0.15,0.0,True,0.9351697362666667,0.05544890820521512,neutral,False
35,142,16,"HistogramData(counts=array([14,  1,  0,  0,  0,  0,  0,  0,  0]), bin_edges=array([-0.27993644,  0.34741644,  0.46483288,  0.58224932,  0.69966576,
        0.81708221,  0.93449865,  1.05191509,  1.16933153,  1.28674797]), weights=array([1, 2, 3, 3, 3, 2, 1, 2, 3]))",0.0,0.0,0.3333333333333333,0.2,0.9333333333333333,False,0.20146908846666667,0.09235098327609681,toggle,False
36,143,16,"HistogramData(counts=array([1, 0, 0, 1, 0, 6, 7, 0, 0]), bin_edges=array([-0.27993644,  0.34741644,  0.46483288,  0.58224932,  0.69966576,
        0.81708221,  0.93449865,  1.05191509,  1.16933153,  1.28674797]), weights=array([1, 2, 3, 3, 3, 2, 1, 2, 3]))",0.0,0.8666666666666667,0.4444444444444444,0.35,0.06666666666666667,False,0.8832242079333333,0.17153350424456107,neutral,False
37,144,16,"HistogramData(counts=array([11,  1,  0,  0,  0,  0,  3,  0,  0]), bin_edges=array([-0.27993644,  0.34741644,  0.46483288,  0.58224932,  0.69966576,
        0.81708221,  0.93449865,  1.05191509,  1.16933153,  1.28674797]), weights=array([1, 2, 3, 3, 3, 2, 1, 2, 3]))",0.0,0.2,0.3333333333333333,0.2,0.7333333333333333,False,0.3497561851999999,0.330522164732018,toggle,False
38,147,16,"HistogramData(counts=array([12,  2,  0,  0,  0,  0,  1,  0,  0]), bin_edges=array([-0.27993644,  0.34741644,  0.46483288,  0.58224932,  0.69966576,
        0.81708221,  0.93449865,  1.05191509,  1.16933153,  1.28674797]), weights=array([1, 2, 3, 3, 3, 2, 1, 2, 3]))",0.0,0.06666666666666667,0.3333333333333333,0.2,0.8,False,0.21464149086666667,0.22469962073498045,toggle,False
39,148,16,"HistogramData(counts=array([9, 0, 0, 0, 0, 4, 2, 0, 0]), bin_edges=array([-0.27993644,  0.34741644,  0.46483288,  0.58224932,  0.69966576,
        0.81708221,  0.93449865,  1.05191509,  1.16933153,  1.28674797]), weights=array([1, 2, 3, 3, 3, 2, 1, 2, 3]))",0.0,0.4,0.3333333333333333,0.2,0.6,False,0.4381459978000001,0.39447457694876387,adverse,True
40,151,16,"HistogramData(counts=array([9, 1, 0, 0, 0, 1, 3, 1, 0]), bin_edges=array([-0.27993644,  0.34741644,  0.46483288,  0.58224932,  0.69966576,
        0.81708221,  0.93449865,  1.05191509,  1.16933153,  1.28674797]), weights=array([1, 2, 3, 3, 3, 2, 1, 2, 3]))",0.0,0.3333333333333333,0.5555555555555556,0.4,0.6,False,0.41256188260000004,0.4165340746295738,adverse,False
41,152,16,"HistogramData(counts=array([9, 0, 0, 0, 2, 3, 1, 0, 0]), bin_edges=array([-0.27993644,  0.34741644,  0.46483288,  0.58224932,  0.69966576,
        0.81708221,  0.93449865,  1.05191509,  1.16933153,  1.28674797]), weights=array([1, 2, 3, 3, 3, 2, 1, 2, 3]))",0.0,0.3333333333333333,0.4444444444444444,0.35,0.6,False,0.4227187741333333,0.3653550620818278,adverse,False
42,153,16,"HistogramData(counts=array([10,  0,  2,  0,  1,  2,  0,  0,  0]), bin_edges=array([-0.27993644,  0.34741644,  0.46483288,  0.58224932,  0.69966576,
        0.81708221,  0.93449865,  1.05191509,  1.16933153,  1.28674797]), weights=array([1, 2, 3, 3, 3, 2, 1, 2, 3]))",0.0,0.13333333333333333,0.5555555555555556,0.5,0.6666666666666666,False,0.30373408319999995,0.29222560081098525,toggle,False
43,154,16,"HistogramData(counts=array([15,  0,  0,  0,  0,  0,  0,  0,  0]), bin_edges=array([-0.27993644,  0.34741644,  0.46483288,  0.58224932,  0.69966576,
        0.81708221,  0.93449865,  1.05191509,  1.16933153,  1.28674797]), weights=array([1, 2, 3, 3, 3, 2, 1, 2, 3]))",0.0,0.0,0.2222222222222222,0.1,1.0,True,0.1598367388666667,0.09843391098152492,toggle,False
44,155,16,"HistogramData(counts=array([7, 0, 1, 1, 1, 2, 3, 0, 0]), bin_edges=array([-0.27993644,  0.34741644,  0.46483288,  0.58224932,  0.69966576,
        0.81708221,  0.93449865,  1.05191509,  1.16933153,  1.28674797]), weights=array([1, 2, 3, 3, 3, 2, 1, 2, 3]))",0.0,0.3333333333333333,0.6666666666666666,0.65,0.4666666666666667,False,0.5186528930666666,0.35743067817772334,rheostat,False
45,160,16,"HistogramData(counts=array([13,  2,  0,  0,  0,  0,  0,  0,  0]), bin_edges=array([-0.27993644,  0.34741644,  0.46483288,  0.58224932,  0.69966576,
        0.81708221,  0.93449865,  1.05191509,  1.16933153,  1.28674797]), weights=array([1, 2, 3, 3, 3, 2, 1, 2, 3]))",0.0,0.0,0.3333333333333333,0.2,0.8666666666666667,False,0.2270797336666667,0.11037777236263814,toggle,False
46,161,16,"HistogramData(counts=array([8, 3, 1, 0, 0, 2, 0, 1, 0]), bin_edges=array([-0.27993644,  0.34741644,  0.46483288,  0.58224932,  0.69966576,
        0.81708221,  0.93449865,  1.05191509,  1.16933153,  1.28674797]), weights=array([1, 2, 3, 3, 3, 2, 1, 2, 3]))",0.0,0.2,0.6666666666666666,0.55,0.5333333333333333,False,0.3993495888666666,0.315690291834444,rheostat,False
47,167,16,"HistogramData(counts=array([0, 0, 1, 3, 3, 3, 2, 3, 0]), bin_edges=array([-0.27993644,  0.34741644,  0.46483288,  0.58224932,  0.69966576,
        0.81708221,  0.93449865,  1.05191509,  1.16933153,  1.28674797]), weights=array([1, 2, 3, 3, 3, 2, 1, 2, 3]))",0.0,0.6,0.6666666666666666,0.7,0.0,False,0.8399352842,0.17864074125916246,rheostat,False
48,170,16,"HistogramData(counts=array([0, 0, 1, 0, 0, 4, 6, 3, 1]), bin_edges=array([-0.27993644,  0.34741644,  0.46483288,  0.58224932,  0.69966576,
        0.81708221,  0.93449865,  1.05191509,  1.16933153,  1.28674797]), weights=array([1, 2, 3, 3, 3, 2, 1, 2, 3]))",0.06666666666666667,0.8666666666666667,0.5555555555555556,0.55,0.0,False,0.9717109482666665,0.14252646298478266,neutral,False
49,172,16,"HistogramData(counts=array([12,  0,  0,  1,  0,  0,  1,  1,  0]), bin_edges=array([-0.27993644,  0.34741644,  0.46483288,  0.58224932,  0.69966576,
        0.81708221,  0.93449865,  1.05191509,  1.16933153,  1.28674797]), weights=array([1, 2, 3, 3, 3, 2, 1, 2, 3]))",0.0,0.13333333333333333,0.4444444444444444,0.35,0.8,False,0.23261364546666666,0.351559359797376,toggle,False
50,177,16,"HistogramData(counts=array([1, 1, 0, 2, 2, 4, 4, 1, 0]), bin_edges=array([-0.27993644,  0.34741644,  0.46483288,  0.58224932,  0.69966576,
        0.81708221,  0.93449865,  1.05191509,  1.16933153,  1.28674797]), weights=array([1, 2, 3, 3, 3, 2, 1, 2, 3]))",0.0,0.6666666666666666,0.7777777777777778,0.7,0.06666666666666667,False,0.8098541064000001,0.2343473391207811,rheostat,False
51,183,16,"HistogramData(counts=array([12,  0,  0,  1,  0,  1,  1,  0,  0]), bin_edges=array([-0.27993644,  0.34741644,  0.46483288,  0.58224932,  0.69966576,
        0.81708221,  0.93449865,  1.05191509,  1.16933153,  1.28674797]), weights=array([1, 2, 3, 3, 3, 2, 1, 2, 3]))",0.0,0.13333333333333333,0.4444444444444444,0.35,0.8,False,0.2513752303333333,0.3077376550197979,toggle,False
52,184,16,"HistogramData(counts=array([7, 2, 1, 3, 1, 0, 1, 0, 0]), bin_edges=array([-0.27993644,  0.34741644,  0.46483288,  0.58224932,  0.69966576,
        0.81708221,  0.93449865,  1.05191509,  1.16933153,  1.28674797]), weights=array([1, 2, 3, 3, 3, 2, 1, 2, 3]))",0.0,0.06666666666666667,0.6666666666666666,0.65,0.4666666666666667,False,0.4093993914666667,0.2669038417094938,rheostat,False
53,189,16,"HistogramData(counts=array([15,  0,  0,  0,  0,  0,  0,  0,  0]), bin_edges=array([-0.27993644,  0.34741644,  0.46483288,  0.58224932,  0.69966576,
        0.81708221,  0.93449865,  1.05191509,  1.16933153,  1.28674797]), weights=array([1, 2, 3, 3, 3, 2, 1, 2, 3]))",0.0,0.0,0.2222222222222222,0.1,1.0,True,0.0800632712,0.061562345075957675,toggle,False
54,192,16,"HistogramData(counts=array([15,  0,  0,  0,  0,  0,  0,  0,  0]), bin_edges=array([-0.27993644,  0.34741644,  0.46483288,  0.58224932,  0.69966576,
        0.81708221,  0.93449865,  1.05191509,  1.16933153,  1.28674797]), weights=array([1, 2, 3, 3, 3, 2, 1, 2, 3]))",0.0,0.0,0.2222222222222222,0.1,1.0,True,0.09535492639999998,0.0530637860177461,toggle,False
55,195,16,"HistogramData(counts=array([ 1,  0,  0,  0,  1,  2, 10,  1,  0]), bin_edges=array([-0.27993644,  0.34741644,  0.46483288,  0.58224932,  0.69966576,
        0.81708221,  0.93449865,  1.05191509,  1.16933153,  1.28674797]), weights=array([1, 2, 3, 3, 3, 2, 1, 2, 3]))",0.0,0.9333333333333333,0.5555555555555556,0.45,0.06666666666666667,False,0.9242355,0.23123441862961158,neutral,False
56,199,16,"HistogramData(counts=array([1, 0, 0, 1, 1, 2, 8, 2, 0]), bin_edges=array([-0.27993644,  0.34741644,  0.46483288,  0.58224932,  0.69966576,
        0.81708221,  0.93449865,  1.05191509,  1.16933153,  1.28674797]), weights=array([1, 2, 3, 3, 3, 2, 1, 2, 3]))",0.0,0.8666666666666667,0.6666666666666666,0.6,0.06666666666666667,False,0.8917671835333334,0.23527957650009862,neutral,False
57,201,16,"HistogramData(counts=array([11,  1,  2,  1,  0,  0,  0,  0,  0]), bin_edges=array([-0.27993644,  0.34741644,  0.46483288,  0.58224932,  0.69966576,
        0.81708221,  0.93449865,  1.05191509,  1.16933153,  1.28674797]), weights=array([1, 2, 3, 3, 3, 2, 1, 2, 3]))",0.0,0.0,0.5555555555555556,0.5,0.7333333333333333,False,0.22925353873333337,0.20691374100617718,toggle,False
58,204,16,"HistogramData(counts=array([14,  0,  0,  0,  0,  1,  0,  0,  0]), bin_edges=array([-0.27993644,  0.34741644,  0.46483288,  0.58224932,  0.69966576,
        0.81708221,  0.93449865,  1.05191509,  1.16933153,  1.28674797]), weights=array([1, 2, 3, 3, 3, 2, 1, 2, 3]))",0.0,0.06666666666666667,0.3333333333333333,0.2,0.9333333333333333,False,0.13639236073333333,0.2280649707550625,toggle,False
59,213,16,"HistogramData(counts=array([9, 0, 0, 0, 1, 3, 2, 0, 0]), bin_edges=array([-0.27993644,  0.34741644,  0.46483288,  0.58224932,  0.69966576,
        0.81708221,  0.93449865,  1.05191509,  1.16933153,  1.28674797]), weights=array([1, 2, 3, 3, 3, 2, 1, 2, 3]))",0.0,0.4,0.4444444444444444,0.35,0.6,False,0.42213993873333333,0.3936099918192716,adverse,False
60,216,16,"HistogramData(counts=array([8, 2, 0, 0, 0, 3, 2, 0, 0]), bin_edges=array([-0.27993644,  0.34741644,  0.46483288,  0.58224932,  0.69966576,
        0.81708221,  0.93449865,  1.05191509,  1.16933153,  1.28674797]), weights=array([1, 2, 3, 3, 3, 2, 1, 2, 3]))",0.0,0.3333333333333333,0.4444444444444444,0.3,0.5333333333333333,False,0.42306923760000004,0.37179098843603947,adverse,False
61,217,16,"HistogramData(counts=array([7, 2, 2, 3, 1, 0, 0, 0, 0]), bin_edges=array([-0.27993644,  0.34741644,  0.46483288,  0.58224932,  0.69966576,
        0.81708221,  0.93449865,  1.05191509,  1.16933153,  1.28674797]), weights=array([1, 2, 3, 3, 3, 2, 1, 2, 3]))",0.0,0.0,0.6666666666666666,0.65,0.4666666666666667,False,0.3685487878666666,0.2441800952497049,rheostat,False
62,219,16,"HistogramData(counts=array([13,  0,  1,  0,  0,  1,  0,  0,  0]), bin_edges=array([-0.27993644,  0.34741644,  0.46483288,  0.58224932,  0.69966576,
        0.81708221,  0.93449865,  1.05191509,  1.16933153,  1.28674797]), weights=array([1, 2, 3, 3, 3, 2, 1, 2, 3]))",0.0,0.06666666666666667,0.4444444444444444,0.35,0.8666666666666667,False,0.1832341292666667,0.22803587599667482,toggle,False
63,220,16,"HistogramData(counts=array([6, 0, 1, 0, 3, 2, 3, 0, 0]), bin_edges=array([-0.27993644,  0.34741644,  0.46483288,  0.58224932,  0.69966576,
        0.81708221,  0.93449865,  1.05191509,  1.16933153,  1.28674797]), weights=array([1, 2, 3, 3, 3, 2, 1, 2, 3]))",0.0,0.4,0.5555555555555556,0.5,0.4,False,0.585223045,0.3186266763188887,rheostat,False
64,222,16,"HistogramData(counts=array([1, 0, 2, 0, 1, 2, 9, 0, 0]), bin_edges=array([-0.27993644,  0.34741644,  0.46483288,  0.58224932,  0.69966576,
        0.81708221,  0.93449865,  1.05191509,  1.16933153,  1.28674797]), weights=array([1, 2, 3, 3, 3, 2, 1, 2, 3]))",0.0,0.7333333333333333,0.5555555555555556,0.5,0.06666666666666667,False,0.8432556923999999,0.2676688822673884,neutral,False
65,223,16,"HistogramData(counts=array([0, 0, 0, 0, 0, 2, 9, 4, 0]), bin_edges=array([-0.27993644,  0.34741644,  0.46483288,  0.58224932,  0.69966576,
        0.81708221,  0.93449865,  1.05191509,  1.16933153,  1.28674797]), weights=array([1, 2, 3, 3, 3, 2, 1, 2, 3]))",0.0,1.0,0.3333333333333333,0.25,0.0,False,1.0090409516,0.05547090312185595,neutral,False
66,224,16,"HistogramData(counts=array([14,  0,  0,  0,  0,  1,  0,  0,  0]), bin_edges=array([-0.27993644,  0.34741644,  0.46483288,  0.58224932,  0.69966576,
        0.81708221,  0.93449865,  1.05191509,  1.16933153,  1.28674797]), weights=array([1, 2, 3, 3, 3, 2, 1, 2, 3]))",0.0,0.06666666666666667,0.3333333333333333,0.2,0.9333333333333333,False,0.0782745709333333,0.22492252591667397,toggle,False
67,225,16,"HistogramData(counts=array([0, 0, 0, 0, 1, 4, 8, 2, 0]), bin_edges=array([-0.27993644,  0.34741644,  0.46483288,  0.58224932,  0.69966576,
        0.81708221,  0.93449865,  1.05191509,  1.16933153,  1.28674797]), weights=array([1, 2, 3, 3, 3, 2, 1, 2, 3]))",0.0,0.9333333333333333,0.4444444444444444,0.4,0.0,False,0.9629736474,0.09212270435592318,neutral,False
68,226,16,"HistogramData(counts=array([15,  0,  0,  0,  0,  0,  0,  0,  0]), bin_edges=array([-0.27993644,  0.34741644,  0.46483288,  0.58224932,  0.69966576,
        0.81708221,  0.93449865,  1.05191509,  1.16933153,  1.28674797]), weights=array([1, 2, 3, 3, 3, 2, 1, 2, 3]))",0.0,0.0,0.2222222222222222,0.1,1.0,True,0.041928473333333334,0.032872485053014044,toggle,False
69,227,16,"HistogramData(counts=array([15,  0,  0,  0,  0,  0,  0,  0,  0]), bin_edges=array([-0.27993644,  0.34741644,  0.46483288,  0.58224932,  0.69966576,
        0.81708221,  0.93449865,  1.05191509,  1.16933153,  1.28674797]), weights=array([1, 2, 3, 3, 3, 2, 1, 2, 3]))",0.0,0.0,0.2222222222222222,0.1,1.0,True,0.13085519040000002,0.07942487357252367,toggle,False
70,230,16,"HistogramData(counts=array([13,  0,  1,  0,  1,  0,  0,  0,  0]), bin_edges=array([-0.27993644,  0.34741644,  0.46483288,  0.58224932,  0.69966576,
        0.81708221,  0.93449865,  1.05191509,  1.16933153,  1.28674797]), weights=array([1, 2, 3, 3, 3, 2, 1, 2, 3]))",0.0,0.0,0.4444444444444444,0.4,0.8666666666666667,False,0.1737796451333333,0.21413637310457725,toggle,False
71,231,16,"HistogramData(counts=array([1, 0, 2, 0, 2, 4, 6, 0, 0]), bin_edges=array([-0.27993644,  0.34741644,  0.46483288,  0.58224932,  0.69966576,
        0.81708221,  0.93449865,  1.05191509,  1.16933153,  1.28674797]), weights=array([1, 2, 3, 3, 3, 2, 1, 2, 3]))",0.0,0.8,0.5555555555555556,0.5,0.06666666666666667,False,0.8071109557999999,0.24698720241103025,neutral,False
72,233,16,"HistogramData(counts=array([2, 0, 0, 2, 2, 5, 4, 0, 0]), bin_edges=array([-0.27993644,  0.34741644,  0.46483288,  0.58224932,  0.69966576,
        0.81708221,  0.93449865,  1.05191509,  1.16933153,  1.28674797]), weights=array([1, 2, 3, 3, 3, 2, 1, 2, 3]))",0.0,0.7333333333333333,0.5555555555555556,0.5,0.13333333333333333,False,0.7671206387333332,0.2588927379504573,neutral,False
73,236,16,"HistogramData(counts=array([1, 0, 0, 0, 1, 3, 9, 1, 0]), bin_edges=array([-0.27993644,  0.34741644,  0.46483288,  0.58224932,  0.69966576,
        0.81708221,  0.93449865,  1.05191509,  1.16933153,  1.28674797]), weights=array([1, 2, 3, 3, 3, 2, 1, 2, 3]))",0.0,0.9333333333333333,0.5555555555555556,0.45,0.06666666666666667,False,0.9047924806,0.24150354817719355,neutral,False
74,237,16,"HistogramData(counts=array([15,  0,  0,  0,  0,  0,  0,  0,  0]), bin_edges=array([-0.27993644,  0.34741644,  0.46483288,  0.58224932,  0.69966576,
        0.81708221,  0.93449865,  1.05191509,  1.16933153,  1.28674797]), weights=array([1, 2, 3, 3, 3, 2, 1, 2, 3]))",0.0,0.0,0.2222222222222222,0.1,1.0,True,0.04795623526666667,0.025093298180350006,toggle,False
75,238,16,"HistogramData(counts=array([ 1,  0,  0,  0,  2,  1, 11,  0,  0]), bin_edges=array([-0.27993644,  0.34741644,  0.46483288,  0.58224932,  0.69966576,
        0.81708221,  0.93449865,  1.05191509,  1.16933153,  1.28674797]), weights=array([1, 2, 3, 3, 3, 2, 1, 2, 3]))",0.0,0.8,0.4444444444444444,0.35,0.06666666666666667,False,0.8858766557333334,0.22394512911224165,neutral,False
76,239,16,"HistogramData(counts=array([13,  0,  0,  2,  0,  0,  0,  0,  0]), bin_edges=array([-0.27993644,  0.34741644,  0.46483288,  0.58224932,  0.69966576,
        0.81708221,  0.93449865,  1.05191509,  1.16933153,  1.28674797]), weights=array([1, 2, 3, 3, 3, 2, 1, 2, 3]))",0.0,0.0,0.3333333333333333,0.25,0.8666666666666667,False,0.12695787193333333,0.2238481073520707,toggle,False
77,242,16,"HistogramData(counts=array([12,  1,  0,  0,  1,  1,  0,  0,  0]), bin_edges=array([-0.27993644,  0.34741644,  0.46483288,  0.58224932,  0.69966576,
        0.81708221,  0.93449865,  1.05191509,  1.16933153,  1.28674797]), weights=array([1, 2, 3, 3, 3, 2, 1, 2, 3]))",0.0,0.13333333333333333,0.5555555555555556,0.45,0.8,False,0.1907742346,0.2774202764288681,toggle,False
78,243,16,"HistogramData(counts=array([12,  1,  1,  1,  0,  0,  0,  0,  0]), bin_edges=array([-0.27993644,  0.34741644,  0.46483288,  0.58224932,  0.69966576,
        0.81708221,  0.93449865,  1.05191509,  1.16933153,  1.28674797]), weights=array([1, 2, 3, 3, 3, 2, 1, 2, 3]))",0.0,0.0,0.5555555555555556,0.5,0.8,False,0.16907526293333333,0.19924632424949398,toggle,False
79,248,16,"HistogramData(counts=array([14,  0,  0,  1,  0,  0,  0,  0,  0]), bin_edges=array([-0.27993644,  0.34741644,  0.46483288,  0.58224932,  0.69966576,
        0.81708221,  0.93449865,  1.05191509,  1.16933153,  1.28674797]), weights=array([1, 2, 3, 3, 3, 2, 1, 2, 3]))",0.0,0.0,0.3333333333333333,0.25,0.9333333333333333,False,0.09681487106666667,0.1519766921243593,toggle,False
80,253,16,"HistogramData(counts=array([15,  0,  0,  0,  0,  0,  0,  0,  0]), bin_edges=array([-0.27993644,  0.34741644,  0.46483288,  0.58224932,  0.69966576,
        0.81708221,  0.93449865,  1.05191509,  1.16933153,  1.28674797]), weights=array([1, 2, 3, 3, 3, 2, 1, 2, 3]))",0.0,0.0,0.2222222222222222,0.1,1.0,True,0.04393482733333334,0.051146118474605706,toggle,False
81,256,16,"HistogramData(counts=array([6, 2, 3, 1, 1, 2, 0, 0, 0]), bin_edges=array([-0.27993644,  0.34741644,  0.46483288,  0.58224932,  0.69966576,
        0.81708221,  0.93449865,  1.05191509,  1.16933153,  1.28674797]), weights=array([1, 2, 3, 3, 3, 2, 1, 2, 3]))",0.0,0.13333333333333333,0.7777777777777778,0.75,0.4,False,0.40338830086666666,0.29399367065389265,rheostat,False
82,258,16,"HistogramData(counts=array([15,  0,  0,  0,  0,  0,  0,  0,  0]), bin_edges=array([-0.27993644,  0.34741644,  0.46483288,  0.58224932,  0.69966576,
        0.81708221,  0.93449865,  1.05191509,  1.16933153,  1.28674797]), weights=array([1, 2, 3, 3, 3, 2, 1, 2, 3]))",0.0,0.0,0.2222222222222222,0.1,1.0,True,0.023756289799999997,0.06297388435787847,toggle,False
83,272,16,"HistogramData(counts=array([15,  0,  0,  0,  0,  0,  0,  0,  0]), bin_edges=array([-0.27993644,  0.34741644,  0.46483288,  0.58224932,  0.69966576,
        0.81708221,  0.93449865,  1.05191509,  1.16933153,  1.28674797]), weights=array([1, 2, 3, 3, 3, 2, 1, 2, 3]))",0.0,0.0,0.2222222222222222,0.1,1.0,True,0.004203017266666666,0.09027929200587516,toggle,False
84,279,16,"HistogramData(counts=array([1, 0, 0, 0, 4, 6, 3, 1, 0]), bin_edges=array([-0.27993644,  0.34741644,  0.46483288,  0.58224932,  0.69966576,
        0.81708221,  0.93449865,  1.05191509,  1.16933153,  1.28674797]), weights=array([1, 2, 3, 3, 3, 2, 1, 2, 3]))",0.0,0.8666666666666667,0.5555555555555556,0.45,0.06666666666666667,False,0.8166288998,0.24538415645958664,neutral,False
85,282,16,"HistogramData(counts=array([10,  1,  0,  0,  1,  3,  0,  0,  0]), bin_edges=array([-0.27993644,  0.34741644,  0.46483288,  0.58224932,  0.69966576,
        0.81708221,  0.93449865,  1.05191509,  1.16933153,  1.28674797]), weights=array([1, 2, 3, 3, 3, 2, 1, 2, 3]))",0.0,0.2,0.5555555555555556,0.45,0.6666666666666666,False,0.2869146561333334,0.35985365216811516,toggle,False
86,283,16,"HistogramData(counts=array([2, 0, 0, 2, 3, 5, 3, 0, 0]), bin_edges=array([-0.27993644,  0.34741644,  0.46483288,  0.58224932,  0.69966576,
        0.81708221,  0.93449865,  1.05191509,  1.16933153,  1.28674797]), weights=array([1, 2, 3, 3, 3, 2, 1, 2, 3]))",0.0,0.6,0.5555555555555556,0.5,0.13333333333333333,False,0.7366765701999999,0.2934253773913506,rheostat,False
87,289,16,"HistogramData(counts=array([1, 0, 0, 0, 1, 2, 8, 3, 0]), bin_edges=array([-0.27993644,  0.34741644,  0.46483288,  0.58224932,  0.69966576,
        0.81708221,  0.93449865,  1.05191509,  1.16933153,  1.28674797]), weights=array([1, 2, 3, 3, 3, 2, 1, 2, 3]))",0.0,0.9333333333333333,0.5555555555555556,0.45,0.06666666666666667,False,0.9264914481333334,0.2769514438530714,neutral,False
88,293,16,"HistogramData(counts=array([ 0,  0,  0,  0,  1,  2, 11,  1,  0]), bin_edges=array([-0.27993644,  0.34741644,  0.46483288,  0.58224932,  0.69966576,
        0.81708221,  0.93449865,  1.05191509,  1.16933153,  1.28674797]), weights=array([1, 2, 3, 3, 3, 2, 1, 2, 3]))",0.0,1.0,0.4444444444444444,0.4,0.0,False,0.9780310310666667,0.06975484214170125,neutral,False
89,296,16,"HistogramData(counts=array([13,  0,  0,  1,  0,  0,  1,  0,  0]), bin_edges=array([-0.27993644,  0.34741644,  0.46483288,  0.58224932,  0.69966576,
        0.81708221,  0.93449865,  1.05191509,  1.16933153,  1.28674797]), weights=array([1, 2, 3, 3, 3, 2, 1, 2, 3]))",0.0,0.06666666666666667,0.3333333333333333,0.25,0.8666666666666667,False,0.20095595366666666,0.28051305156629247,toggle,False
90,298,16,"HistogramData(counts=array([15,  0,  0,  0,  0,  0,  0,  0,  0]), bin_edges=array([-0.27993644,  0.34741644,  0.46483288,  0.58224932,  0.69966576,
        0.81708221,  0.93449865,  1.05191509,  1.16933153,  1.28674797]), weights=array([1, 2, 3, 3, 3, 2, 1, 2, 3]))",0.0,0.0,0.2222222222222222,0.1,1.0,True,0.06727621573333334,0.09870239325863059,toggle,False
91,301,16,"HistogramData(counts=array([11,  0,  0,  1,  2,  1,  0,  0,  0]), bin_edges=array([-0.27993644,  0.34741644,  0.46483288,  0.58224932,  0.69966576,
        0.81708221,  0.93449865,  1.05191509,  1.16933153,  1.28674797]), weights=array([1, 2, 3, 3, 3, 2, 1, 2, 3]))",0.0,0.13333333333333333,0.5555555555555556,0.5,0.7333333333333333,False,0.16140018693333333,0.35095805614977993,toggle,False
92,303,16,"HistogramData(counts=array([12,  2,  0,  0,  0,  0,  0,  1,  0]), bin_edges=array([-0.27993644,  0.34741644,  0.46483288,  0.58224932,  0.69966576,
        0.81708221,  0.93449865,  1.05191509,  1.16933153,  1.28674797]), weights=array([1, 2, 3, 3, 3, 2, 1, 2, 3]))",0.0,0.06666666666666667,0.4444444444444444,0.3,0.8,False,0.13940511933333335,0.29109246358020746,toggle,False
93,306,16,"HistogramData(counts=array([0, 0, 0, 0, 2, 5, 4, 4, 0]), bin_edges=array([-0.27993644,  0.34741644,  0.46483288,  0.58224932,  0.69966576,
        0.81708221,  0.93449865,  1.05191509,  1.16933153,  1.28674797]), weights=array([1, 2, 3, 3, 3, 2, 1, 2, 3]))",0.0,0.8666666666666667,0.4444444444444444,0.4,0.0,False,0.9332161095333334,0.1157736948959996,neutral,False
94,311,16,"HistogramData(counts=array([0, 0, 0, 0, 0, 6, 4, 4, 1]), bin_edges=array([-0.27993644,  0.34741644,  0.46483288,  0.58224932,  0.69966576,
        0.81708221,  0.93449865,  1.05191509,  1.16933153,  1.28674797]), weights=array([1, 2, 3, 3, 3, 2, 1, 2, 3]))",0.06666666666666667,0.9333333333333333,0.4444444444444444,0.4,0.0,False,0.9874558046,0.10488253910192226,neutral,False
95,312,16,"HistogramData(counts=array([ 0,  0,  0,  0,  2,  1, 11,  1,  0]), bin_edges=array([-0.27993644,  0.34741644,  0.46483288,  0.58224932,  0.69966576,
        0.81708221,  0.93449865,  1.05191509,  1.16933153,  1.28674797]), weights=array([1, 2, 3, 3, 3, 2, 1, 2, 3]))",0.0,1.0,0.4444444444444444,0.4,0.0,False,0.9580818495333332,0.08452670211251519,neutral,False
