position,residue,prediction,score,neutral_score,rheostat_score,toggle_score
1,G,T,0.38,0.32,0.3,0.38
2,P,N,0.59,0.59,0.21,0.2
3,R,N,0.62,0.62,0.17,0.21
4,E,N,0.9,0.9,0.08,0.02
5,V,R,0.47,0.45,0.47,0.08
6,R,N,0.62,0.62,0.26,0.12
7,T,N,0.57,0.57,0.4,0.03
8,I,T,0.51,0.02,0.47,0.51
9,K,N,0.54,0.54,0.3,0.16
10,V,T,0.81,0.01,0.18,0.81
11,F,R,0.44,0.32,0.44,0.24
12,T,T,0.75,0.0,0.25,0.75
13,T,T,0.8,0.0,0.2,0.8
14,V,R,0.49,0.38,0.49,0.13
15,D,T,0.62,0.1,0.28,0.62
16,N,N,0.45,0.45,0.18,0.37
17,I,R,0.54,0.09,0.54,0.37
18,N,T,0.56,0.19,0.25,0.56
19,L,R,0.75,0.06,0.75,0.19
20,H,N,0.45,0.45,0.38,0.17
21,T,T,0.81,0.01,0.18,0.81
22,Q,N,0.6,0.6,0.3,0.1
23,V,R,0.46,0.44,0.46,0.1
24,V,R,0.53,0.05,0.53,0.42
25,D,N,0.57,0.57,0.34,0.09
26,M,N,0.69,0.69,0.24,0.07
27,S,N,0.68,0.68,0.21,0.11
28,M,N,0.81,0.81,0.15,0.04
29,T,R,0.39,0.33,0.39,0.28
30,Y,R,0.69,0.09,0.69,0.22
31,G,T,0.5,0.06,0.44,0.5
32,Q,N,0.89,0.89,0.05,0.06
33,Q,T,0.51,0.21,0.28,0.51
34,F,T,0.51,0.07,0.42,0.51
35,G,T,0.93,0.01,0.06,0.93
36,P,R,0.51,0.33,0.51,0.16
37,T,R,0.81,0.06,0.81,0.13
38,Y,R,0.6,0.07,0.6,0.33
39,L,R,0.81,0.06,0.81,0.13
40,D,N,0.85,0.85,0.1,0.05
41,G,T,0.47,0.07,0.46,0.47
42,A,N,0.52,0.52,0.33,0.15
43,D,N,0.69,0.69,0.2,0.11
44,V,R,0.47,0.13,0.47,0.4
45,T,R,0.61,0.28,0.61,0.11
46,K,N,0.72,0.72,0.08,0.2
47,I,N,0.5,0.5,0.35,0.15
48,K,N,0.86,0.86,0.08,0.06
49,P,R,0.44,0.43,0.44,0.13
50,H,N,0.83,0.83,0.16,0.01
51,N,N,0.89,0.89,0.07,0.04
52,S,N,0.72,0.72,0.19,0.09
53,H,N,0.48,0.48,0.45,0.07
54,E,N,0.88,0.88,0.1,0.02
55,G,R,0.57,0.1,0.57,0.33
56,K,N,0.76,0.76,0.17,0.07
57,T,R,0.69,0.13,0.69,0.18
58,F,R,0.56,0.17,0.56,0.27
59,Y,R,0.57,0.17,0.57,0.26
60,V,R,0.79,0.06,0.79,0.15
61,L,R,0.68,0.02,0.68,0.3
62,P,N,0.68,0.68,0.26,0.06
63,N,R,0.4,0.33,0.4,0.27
64,D,N,0.49,0.49,0.36,0.15
65,D,R,0.45,0.2,0.45,0.35
66,T,N,0.86,0.86,0.12,0.02
67,L,N,0.56,0.56,0.44,0.0
68,R,N,0.52,0.52,0.26,0.22
69,V,N,0.53,0.53,0.38,0.09
70,E,N,0.9,0.9,0.07,0.03
71,A,R,0.62,0.05,0.62,0.33
72,F,R,0.51,0.05,0.51,0.44
73,E,N,0.71,0.71,0.21,0.08
74,Y,R,0.41,0.37,0.41,0.22
75,Y,T,0.88,0.02,0.1,0.88
76,H,T,0.51,0.07,0.42,0.51
77,T,R,0.68,0.08,0.68,0.24
78,T,N,0.59,0.59,0.41,0.0
79,D,N,0.46,0.46,0.28,0.26
80,P,R,0.5,0.14,0.5,0.36
81,S,N,0.64,0.64,0.22,0.14
82,F,R,0.68,0.17,0.68,0.15
83,L,R,0.84,0.03,0.84,0.13
84,G,R,0.78,0.04,0.78,0.18
85,R,T,0.46,0.23,0.31,0.46
86,Y,R,0.53,0.04,0.53,0.43
87,M,R,0.66,0.04,0.66,0.3
88,S,R,0.51,0.22,0.51,0.27
89,A,R,0.73,0.05,0.73,0.22
90,L,R,0.85,0.05,0.85,0.1
91,N,N,0.52,0.52,0.31,0.17
92,H,N,0.63,0.63,0.27,0.1
93,T,R,0.69,0.18,0.69,0.13
94,K,N,0.59,0.59,0.28,0.13
95,K,N,0.81,0.81,0.09,0.1
96,W,T,0.58,0.06,0.36,0.58
97,K,N,0.75,0.75,0.16,0.09
98,Y,R,0.56,0.07,0.56,0.37
99,P,N,0.39,0.39,0.35,0.26
100,Q,N,0.73,0.73,0.19,0.08
101,V,N,0.43,0.43,0.42,0.15
102,N,N,0.39,0.39,0.22,0.39
103,G,T,0.96,0.0,0.04,0.96
104,L,R,0.9,0.05,0.9,0.05
105,T,R,0.83,0.03,0.83,0.14
106,S,R,0.62,0.04,0.62,0.34
107,I,T,0.55,0.0,0.45,0.55
108,K,T,0.42,0.23,0.35,0.42
109,W,T,0.88,0.02,0.1,0.88
110,A,R,0.41,0.37,0.41,0.22
111,D,T,0.54,0.25,0.21,0.54
112,N,T,0.94,0.02,0.04,0.94
113,N,T,0.92,0.02,0.06,0.92
114,C,T,0.87,0.0,0.13,0.87
115,Y,T,0.82,0.03,0.15,0.82
116,L,T,0.56,0.01,0.43,0.56
117,A,T,0.67,0.04,0.29,0.67
118,T,T,0.68,0.07,0.25,0.68
119,A,R,0.65,0.15,0.65,0.2
120,L,R,0.77,0.14,0.77,0.09
121,L,R,0.91,0.06,0.91,0.03
122,T,T,0.6,0.12,0.28,0.6
123,L,R,0.5,0.12,0.5,0.38
124,Q,T,0.54,0.19,0.27,0.54
125,Q,N,0.88,0.88,0.07,0.05
126,I,R,0.54,0.22,0.54,0.24
127,E,N,0.86,0.86,0.06,0.08
128,L,R,0.62,0.27,0.62,0.11
129,K,N,0.79,0.79,0.08,0.13
130,F,T,0.62,0.04,0.34,0.62
131,N,N,0.62,0.62,0.26,0.12
132,P,N,0.46,0.46,0.37,0.17
133,P,N,0.89,0.89,0.09,0.02
134,A,R,0.56,0.07,0.56,0.37
135,L,R,0.77,0.16,0.77,0.07
136,Q,N,0.74,0.74,0.21,0.05
137,D,N,0.85,0.85,0.12,0.03
138,A,R,0.84,0.08,0.84,0.08
139,Y,R,0.56,0.24,0.56,0.2
140,Y,N,0.85,0.85,0.1,0.05
141,R,N,0.76,0.76,0.18,0.06
142,A,R,0.52,0.15,0.52,0.33
143,R,N,0.37,0.37,0.31,0.32
144,A,R,0.55,0.25,0.55,0.2
145,G,R,0.67,0.13,0.67,0.2
146,E,T,0.42,0.26,0.32,0.42
147,A,T,0.55,0.04,0.41,0.55
148,A,R,0.53,0.19,0.53,0.28
149,N,N,0.38,0.38,0.26,0.36
150,F,T,0.73,0.05,0.22,0.73
151,C,T,0.79,0.05,0.16,0.79
152,A,T,0.69,0.05,0.26,0.69
153,L,R,0.77,0.08,0.77,0.15
154,I,R,0.79,0.08,0.79,0.13
155,L,T,0.59,0.02,0.39,0.59
156,A,R,0.73,0.03,0.73,0.24
157,Y,T,0.51,0.02,0.47,0.51
158,C,R,0.46,0.09,0.46,0.45
159,N,N,0.43,0.43,0.23,0.34
160,K,N,0.56,0.56,0.29,0.15
161,T,N,0.63,0.63,0.37,0.0
162,V,N,0.52,0.52,0.39,0.09
163,G,T,0.49,0.12,0.39,0.49
164,E,N,0.82,0.82,0.13,0.05
165,L,R,0.46,0.41,0.46,0.13
166,G,T,0.75,0.02,0.23,0.75
167,D,T,0.55,0.07,0.38,0.55
168,V,T,0.68,0.04,0.28,0.68
169,R,N,0.54,0.54,0.25,0.21
170,E,N,0.87,0.87,0.07,0.06
171,T,R,0.64,0.15,0.64,0.21
172,M,T,0.66,0.24,0.1,0.66
173,S,R,0.57,0.35,0.57,0.08
174,Y,N,0.73,0.73,0.16,0.11
175,L,T,0.48,0.08,0.44,0.48
176,F,R,0.65,0.21,0.65,0.14
177,Q,N,0.8,0.8,0.08,0.12
178,H,R,0.43,0.29,0.43,0.28
179,A,R,0.56,0.19,0.56,0.25
180,N,N,0.77,0.77,0.11,0.12
181,L,R,0.67,0.28,0.67,0.05
182,D,N,0.77,0.77,0.08,0.15
183,S,T,0.51,0.27,0.22,0.51
184,C,T,0.44,0.14,0.42,0.44
185,K,N,0.46,0.46,0.36,0.18
186,R,R,0.54,0.03,0.54,0.43
187,V,R,0.56,0.01,0.56,0.43
188,L,R,0.87,0.05,0.87,0.08
189,N,R,0.45,0.18,0.45,0.37
190,V,R,0.76,0.01,0.76,0.23
191,V,R,0.76,0.06,0.76,0.18
192,C,T,0.89,0.01,0.1,0.89
193,K,N,0.45,0.45,0.37,0.18
194,T,N,0.53,0.53,0.34,0.13
195,C,T,0.86,0.03,0.11,0.86
196,G,T,0.48,0.06,0.46,0.48
197,Q,N,0.94,0.94,0.05,0.01
198,Q,N,0.91,0.91,0.07,0.02
199,Q,N,0.92,0.92,0.06,0.02
200,T,N,0.62,0.62,0.33,0.05
201,T,N,0.84,0.84,0.13,0.03
202,L,R,0.49,0.39,0.49,0.12
203,K,N,0.74,0.74,0.15,0.11
204,G,T,0.95,0.0,0.05,0.95
205,V,R,0.75,0.05,0.75,0.2
206,E,T,0.5,0.19,0.31,0.5
207,A,T,0.89,0.0,0.11,0.89
208,V,R,0.75,0.01,0.75,0.24
209,M,R,0.59,0.1,0.59,0.31
210,Y,T,0.59,0.02,0.39,0.59
211,W,R,0.62,0.1,0.62,0.28
212,G,T,0.87,0.0,0.13,0.87
213,T,R,0.69,0.02,0.69,0.29
214,L,R,0.9,0.03,0.9,0.07
215,S,T,0.92,0.02,0.06,0.92
216,Y,N,0.56,0.56,0.35,0.09
217,E,N,0.94,0.94,0.06,0.0
218,Q,N,0.87,0.87,0.1,0.03
219,F,R,0.64,0.23,0.64,0.13
220,K,N,0.83,0.83,0.07,0.1
221,K,N,0.81,0.81,0.08,0.11
222,G,N,0.45,0.45,0.37,0.18
223,V,R,0.55,0.24,0.55,0.21
224,Q,N,0.6,0.6,0.17,0.23
225,I,R,0.65,0.11,0.65,0.24
226,P,R,0.7,0.1,0.7,0.2
227,C,T,0.64,0.05,0.31,0.64
228,T,R,0.58,0.29,0.58,0.13
229,C,T,0.89,0.02,0.09,0.89
230,G,T,0.63,0.02,0.35,0.63
231,K,N,0.58,0.58,0.23,0.19
232,Q,N,0.93,0.93,0.06,0.01
233,A,R,0.62,0.16,0.62,0.22
234,T,R,0.84,0.06,0.84,0.1
235,K,R,0.42,0.4,0.42,0.18
236,Y,R,0.37,0.28,0.37,0.35
237,L,T,0.59,0.0,0.41,0.59
238,V,R,0.8,0.05,0.8,0.15
239,Q,N,0.69,0.69,0.19,0.12
240,Q,R,0.58,0.25,0.58,0.17
241,E,N,0.89,0.89,0.09,0.02
242,S,T,0.95,0.01,0.04,0.95
243,P,T,0.97,0.0,0.03,0.97
244,F,T,0.59,0.04,0.37,0.59
245,V,T,0.84,0.0,0.16,0.84
246,M,T,0.9,0.04,0.06,0.9
247,M,T,0.58,0.06,0.36,0.58
248,S,R,0.6,0.03,0.6,0.37
249,A,R,0.71,0.06,0.71,0.23
250,P,N,0.64,0.64,0.29,0.07
251,P,N,0.83,0.83,0.13,0.04
252,A,N,0.57,0.57,0.37,0.06
253,Q,N,0.91,0.91,0.07,0.02
254,Y,N,0.84,0.84,0.14,0.02
255,E,N,0.88,0.88,0.11,0.01
256,L,N,0.47,0.47,0.41,0.12
257,K,N,0.78,0.78,0.12,0.1
258,H,N,0.82,0.82,0.11,0.07
259,G,N,0.54,0.54,0.3,0.16
260,T,R,0.47,0.37,0.47,0.16
261,F,R,0.64,0.1,0.64,0.26
262,T,R,0.67,0.01,0.67,0.32
263,C,R,0.64,0.12,0.64,0.24
264,A,T,0.63,0.02,0.35,0.63
265,S,T,0.78,0.01,0.21,0.78
266,E,T,0.78,0.06,0.16,0.78
267,Y,T,0.96,0.0,0.04,0.96
268,T,R,0.64,0.17,0.64,0.19
269,G,T,0.94,0.0,0.06,0.94
270,N,N,0.55,0.55,0.23,0.22
271,Y,N,0.54,0.54,0.34,0.12
272,Q,R,0.48,0.3,0.48,0.22
273,C,R,0.44,0.16,0.44,0.4
274,G,T,0.95,0.0,0.05,0.95
275,H,T,0.98,0.01,0.01,0.98
276,Y,T,0.97,0.0,0.03,0.97
277,K,T,0.87,0.0,0.13,0.87
278,H,T,0.87,0.02,0.11,0.87
279,I,R,0.77,0.01,0.77,0.22
280,T,R,0.72,0.11,0.72,0.17
281,S,T,0.37,0.28,0.35,0.37
282,K,N,0.75,0.75,0.14,0.11
283,E,N,0.89,0.89,0.09,0.02
284,T,R,0.54,0.41,0.54,0.05
285,L,R,0.93,0.04,0.93,0.03
286,Y,R,0.57,0.09,0.57,0.34
287,C,R,0.61,0.12,0.61,0.27
288,I,R,0.74,0.01,0.74,0.25
289,D,T,0.75,0.08,0.17,0.75
290,G,T,0.96,0.01,0.03,0.96
291,A,N,0.72,0.72,0.25,0.03
292,L,N,0.66,0.66,0.26,0.08
293,L,R,0.75,0.11,0.75,0.14
294,T,N,0.76,0.76,0.23,0.01
295,K,N,0.63,0.63,0.21,0.16
296,S,N,0.7,0.7,0.22,0.08
297,S,N,0.58,0.58,0.26,0.16
298,E,N,0.84,0.84,0.07,0.09
299,Y,N,0.85,0.85,0.13,0.02
300,K,N,0.78,0.78,0.09,0.13
301,G,R,0.52,0.3,0.52,0.18
302,P,N,0.47,0.47,0.41,0.12
303,I,R,0.58,0.03,0.58,0.39
304,T,T,0.86,0.0,0.14,0.86
305,D,T,0.5,0.21,0.29,0.5
306,V,R,0.79,0.04,0.79,0.17
307,F,R,0.71,0.11,0.71,0.18
308,Y,T,0.8,0.01,0.19,0.8
309,K,N,0.84,0.84,0.09,0.07
310,E,N,0.93,0.93,0.06,0.01
311,N,N,0.84,0.84,0.12,0.04
312,S,N,0.87,0.87,0.1,0.03
313,Y,N,0.75,0.75,0.21,0.04
314,T,N,0.9,0.9,0.09,0.01
315,T,N,0.87,0.87,0.13,0.0
316,T,N,0.72,0.72,0.13,0.15
317,I,N,0.66,0.66,0.16,0.18
318,K,R,0.36,0.33,0.36,0.31
